<?xml version="1.0"?>

<recovery>
	<details>
		<resolution width="540" height="960" />
		<author>TeamWin</author>
		<title>Backup Naowz</title>
		<description>Default basic theme</description>
		<preview>preview.jpg</preview>
	</details>

	<include>
		<xmlfile name="portrait.xml" />
	</include>

	<resources>
		<resource name="tg_background" type="image" filename="tg_background" />
		<resource name="font" type="font" filename="Roboto-Regular-20" />
		<resource name="mediumfont" type="font" filename="Roboto-Regular-20" />
		<resource name="filelist" type="font" filename="Roboto-Regular-25" />
		<resource name="main_button" type="image" filename="qhd-menu-button" />
		<resource name="file_icon" type="image" filename="file" />
		<resource name="folder_icon" type="image" filename="folder" />
		<resource name="slideout" type="image" filename="slideout" />
		<resource name="progress" type="animation" filename="indeterminate" />
		<resource name="progress_empty" type="image" filename="progress_empty" />
		<resource name="progress_full" type="image" filename="progress_fill" />
		<resource name="checkbox_false" type="image" filename="checkbox_empty" />
		<resource name="checkbox_true" type="image" filename="checkbox_checked" />
		<resource name="radio_false" type="image" filename="radio_empty" />
		<resource name="radio_true" type="image" filename="radio_selected" />
		<resource name="medium_button" type="image" filename="qhd-medium-button" />
		<resource name="sort_button" type="image" filename="qhd-sort-button" />
		<resource name="minus_button" type="image" filename="qhd-minus-button" />
		<resource name="plus_button" type="image" filename="qhd-plus-button" />
		<resource name="home_icon" type="image" filename="home-icon" />
		<resource name="back_icon" type="image" filename="back-icon" />
		<resource name="slider" type="image" filename="slider" />
		<resource name="slider-used" type="image" filename="slider-used" />
		<resource name="slider-touch" type="image" filename="slider-touch" />
		<resource name="unlock-icon" type="image" filename="unlock" />
		<resource name="keyboard1" type="image" filename="keyboard1" />
		<resource name="keyboard2" type="image" filename="keyboard2" />
		<resource name="keyboard3" type="image" filename="keyboard3" />
		<resource name="keyboard4" type="image" filename="keyboard4" />
		<resource name="cursor" type="image" filename="cursor" />
	</resources>

	<variables>
		<variable name="col1_x" value="10" />
		<variable name="col2_x" value="277" />
		<variable name="col_center_x" value="143" />
		<variable name="col_center_medium_x" value="206" />
		<variable name="center_x" value="270" />
		<variable name="row1_y" value="140" />
		<variable name="row2_y" value="332" />
		<variable name="row3_y" value="524" />
		<variable name="row4_y" value="716" />
		<variable name="row_queue_y" value="625" />
		<variable name="row1_header_y" value="110" />
		<variable name="row1_text_y" value="140" />
		<variable name="row2_text_y" value="180" />
		<variable name="row3_text_y" value="220" />
		<variable name="row4_text_y" value="260" />
		<variable name="row5_text_y" value="300" />
		<variable name="row6_text_y" value="340" />
		<variable name="row7_text_y" value="380" />
		<variable name="row8_text_y" value="420" />
		<variable name="row9_text_y" value="460" />
		<variable name="row10_text_y" value="500" />
		<variable name="row11_text_y" value="540" />
		<variable name="row12_text_y" value="580" />
		<variable name="row13_text_y" value="620" />
		<variable name="row14_text_y" value="660" />
		<variable name="row15_text_y" value="700" />
		<variable name="row16_text_y" value="740" />
		<variable name="row17_text_y" value="780" />
		<variable name="row18_text_y" value="820" />
		<variable name="zip_status_y" value="696" />
		<variable name="tz_selected_y" value="110" />
		<variable name="tz_set_y" value="720" />
		<variable name="tz_current_y" value="895" />
		<variable name="col_progressbar_x" value="144" />
		<variable name="row_progressbar_y" value="850" />
		<variable name="col1_medium_x" value="10" />
		<variable name="col2_medium_x" value="145" />
		<variable name="col3_medium_x" value="280" />
		<variable name="col4_medium_x" value="415" />
		<variable name="row1_medium_y" value="130" />
		<variable name="row2_medium_y" value="230" />
		<variable name="row3_medium_y" value="330" />
		<variable name="row4_medium_y" value="430" />
		<variable name="row5_medium_y" value="530" />
		<variable name="row6_medium_y" value="630" />
		<variable name="row7_medium_y" value="730" />
		<variable name="slider_x" value="50" />
		<variable name="slider_y" value="820" />
		<variable name="slider_text_y" value="870" />
		<variable name="button_text_color" value="#AAAAAA" />
		<variable name="text_color" value="#FFFFFF" />
		<variable name="text_success_color" value="#49E20E" />
		<variable name="text_fail_color" value="#FF0101" />
		<variable name="highlight_color" value="#90909080" />
		<variable name="caps_highlight_color" value="#33B5E580" />
		<variable name="home_button_x" value="10" />
		<variable name="home_button_y" value="919" />
		<variable name="back_button_x" value="466" />
		<variable name="back_button_y" value="919" />
		<variable name="sort_asc_text_y" value="830" />
		<variable name="sort_asc_button_y" value="820" />
		<variable name="sort_desc_text_y" value="880" />
		<variable name="sort_desc_button_y" value="870" />
		<variable name="sort_col1_button_x" value="180" />
		<variable name="sort_col2_button_x" value="255" />
		<variable name="sort_col3_button_x" value="330" />
		<variable name="input_width" value="520" />
		<variable name="input_height" value="40" />
		<variable name="input_background_color" value="#1c1c1c" />
		<variable name="input_cursor_color" value="#33B5E5" />
		<variable name="input_cursor_width" value="3" />
		<variable name="console_x" value="0" />
		<variable name="console_width" value="540" />
		<variable name="console_foreground" value="#A0A0A0" />
		<variable name="warning" value="#F8F8A0" />
		<variable name="error" value="#FF4040" />
		<variable name="highlight" value="#33B5E5" />
		<variable name="console_background" value="#1c1c1c" />
		<variable name="console_scroll" value="#1c1c1c" />
		<variable name="console_action_height" value="380" />
		<variable name="console_install_height" value="580" />
		<variable name="console_installdone_height" value="380" />
		<variable name="fileselector_x" value="5" />
		<variable name="fileselector_width" value="530" />
		<variable name="fileselector_install_height" value="590" />
		<variable name="fileselector_header_background" value="#1c1c1c" />
		<variable name="fileselector_header_textcolor" value="#AAAAAA" />
		<variable name="fileselector_header_separatorcolor" value="#33B5E5" />
		<variable name="fileselector_header_separatorheight" value="3" />
		<variable name="fileselector_separatorcolor" value="#505050" />
		<variable name="fileselector_separatorheight" value="2" />
		<variable name="fileselector_background" value="#1c1c1c" />
		<variable name="fileselector_highlight_color" value="#505050" />
		<variable name="fileselector_highlight_font_color" value="#33B5E5" />
		<variable name="fileselector_spacing" value="18" />
		<variable name="fastscroll_linecolor" value="#808080" />
		<variable name="fastscroll_rectcolor" value="#808080" />
		<variable name="fastscroll_w" value="45" />
		<variable name="fastscroll_linew" value="2" />
		<variable name="fastscroll_rectw" value="30" />
		<variable name="fastscroll_recth" value="52" />
		<variable name="listbox_x" value="5" />
		<variable name="listbox_width" value="530" />
		<variable name="listbox_tz_height" value="420" />
		<variable name="listbox_background" value="#1c1c1c" />
		<variable name="listbox_spacing" value="18" />
		<variable name="sd_plus_x" value="280" />
		<variable name="sdext_text_x" value="84" />
		<variable name="sdext_text_y" value="150" />
		<variable name="sdswap_button_y" value="185" />
		<variable name="sdswap_text_x" value="84" />
		<variable name="sdswap_text_y" value="195" />
		<variable name="sdfilesystem_text_y" value="240" />
		<variable name="sdfilesystem_button_y" value="280" />
		<variable name="lock_x" value="70" />
		<variable name="lock_y" value="250" />
		<variable name="filemanager_select_x" value="405" />
		<variable name="filemanager_select_y" value="825" />
		<variable name="backup_name_y" value="420" />
		<variable name="terminal_console_height" value="530" />
		<variable name="terminal_text_y" value="550" />
		<variable name="terminal_button_y" value="525" />
		<variable name="row_dst_text_y" value="540" />
		<variable name="row_offset_text_y" value="580" />
		<variable name="row_offset_medium_y" value="630" />
		<variable name="button_fill_color" value="#303030" />
		<variable name="button_fill_full_width" value="520" />
		<variable name="button_fill_main_width" value="253" />
		<variable name="button_fill_main_height" value="162" />
		<variable name="button_fill_half_height" value="81" />
		<variable name="button_fill_quarter_height" value="40" />
		<variable name="backup_list_height" value="410" />
		<variable name="backup_button_row1" value="600" />
		<variable name="backup_button_row2" value="645" />
		<variable name="mount_list_height" value="500" />
		<variable name="mount_storage_row" value="630" />
		<variable name="storage_list_height" value="575" />
		<variable name="wipe_list_height" value="570" />
		<variable name="wipe_button_row1" value="700" />
		<variable name="wipe_button_y" value="475" />
		<variable name="slidervalue_w" value="520" />
		<variable name="slidervalue_line_clr" value="#FFFFFF" />
		<variable name="slidervalue_slider_clr" value="#33B5E5" />
		<variable name="slidervalue_lineh" value="2" />
		<variable name="slidervalue_padding" value="15" />
		<variable name="slidervalue_sliderw" value="8" />
		<variable name="slidervalue_sliderh" value="45" />
	</variables>

	<mousecursor>
		<placement w="15" h="15" />
		<background color="#FFFF00FF" resource="cursor" />
		<speed multiplier="1.5" />
	</mousecursor>

	<templates>
		<template name="header">
			<background color="#000000" />

			<object type="image">
				<image resource="tg_background" />
				<placement x="0" y="0" />
			</object>

			<object type="text" color="%text_color%">
				<font resource="font" />
				<placement x="100" y="10" />
				<text>Gummified TWRP  v%tw_version%</text>
			</object>

			<object type="text" color="%text_color%">
				<condition var1="tw_simulate_actions" var2="1" />
				<font resource="font" />
				<placement x="100" y="40" />
				<text>SIMULATING ACTIONS</text>
			</object>

			<object type="text" color="%text_color%">
				<font resource="font" />
				<placement x="100" y="70" />
				<text>%tw_time%</text>
			</object>

			<object type="text" color="%text_color%">
				<font resource="font" />
				<placement x="250" y="70" />
				<conditions>
					<condition var1="tw_no_battery_percent" var2="0" />
					<condition var1="tw_battery" op=">" var2="0" />
					<condition var1="tw_battery" op="<" var2="101" />
				</conditions>
				<text>Battery: %tw_battery%</text>
			</object>

			<object type="button">
				<placement x="%home_button_x%" y="%home_button_y%" />
				<font resource="font" color="%button_text_color%" />
				<text></text>
				<image resource="home_icon" />
				<condition var1="tw_busy" var2="0" />
				<action function="key">home</action>
			</object>

			<object type="button">
				<placement x="%back_button_x%" y="%back_button_y%" />
				<font resource="font" color="%button_text_color%" />
				<text></text>
				<image resource="back_icon" />
				<condition var1="tw_busy" var2="0" />
				<action function="key">back</action>
			</object>

			<object type="action">
				<touch key="power" />
				<action function="overlay">lock</action>
			</object>

			<object type="action">
				<touch key="power+voldown" />
				<action function="screenshot" />
			</object>
		</template>

		<template name="progress_bar">
			<object type="progressbar">
				<placement x="%col_progressbar_x%" y="%row_progressbar_y%" />
				<resource empty="progress_empty" full="progress_full" />
				<data name="ui_progress" />
			</object>

			<object type="animation">
				<placement x="%col_progressbar_x%" y="%row_progressbar_y%" />
				<resource name="progress" />
				<speed fps="15" render="2" />
				<loop frame="1" />
			</object>
		</template>

		<template name="action_page_console">
			<object type="console">
				<placement x="%console_x%" y="%row2_y%" w="%console_width%" h="%console_action_height%" />
				<color foreground="%console_foreground%" background="%console_background%" scroll="%console_scroll%" />
				<font resource="fixed" />
			</object>
		</template>

		<template name="sort_options">
			<object type="text" color="%text_color%">
				<font resource="font" />
				<placement x="%col1_x%" y="%sort_asc_text_y%" />
				<text>Sort Ascending:</text>
			</object>

			<object type="button">
				<placement x="%sort_col1_button_x%" y="%sort_asc_button_y%" />
				<font resource="UItext" color="%button_text_color%" />
				<text>Name</text>
				<image resource="sort_button" />
				<action function="set">tw_gui_sort_order=1</action>
			</object>

			<object type="button">
				<placement x="%sort_col2_button_x%" y="%sort_asc_button_y%" />
				<font resource="UItext" color="%button_text_color%" />
				<text>Date</text>
				<image resource="sort_button" />
				<action function="set">tw_gui_sort_order=2</action>
			</object>

			<object type="button">
				<placement x="%sort_col3_button_x%" y="%sort_asc_button_y%" />
				<font resource="UItext" color="%button_text_color%" />
				<text>Size</text>
				<image resource="sort_button" />
				<action function="set">tw_gui_sort_order=3</action>
			</object>

			<object type="text" color="%text_color%">
				<font resource="font" />
				<placement x="%col1_x%" y="%sort_desc_text_y%" />
				<text>Sort Descending:</text>
			</object>

			<object type="button">
				<placement x="%sort_col1_button_x%" y="%sort_desc_button_y%" />
				<font resource="UItext" color="%button_text_color%" />
				<text>Name</text>
				<image resource="sort_button" />
				<action function="set">tw_gui_sort_order=-1</action>
			</object>

			<object type="button">
				<placement x="%sort_col2_button_x%" y="%sort_desc_button_y%" />
				<font resource="UItext" color="%button_text_color%" />
				<text>Date</text>
				<image resource="sort_button" />
				<action function="set">tw_gui_sort_order=-2</action>
			</object>

			<object type="button">
				<placement x="%sort_col3_button_x%" y="%sort_desc_button_y%" />
				<font resource="UItext" color="%button_text_color%" />
				<text>Size</text>
				<image resource="sort_button" />
				<action function="set">tw_gui_sort_order=-3</action>
			</object>
		</template>

		<template name="footer">
			<object type="console">
				<slideout resource="slideout" x="240" y="920" />
				<placement x="%console_x%" y="0" w="%console_width%" h="920" />
				<color foreground="#A0A0A0" background="#303030" scroll="#303030" />
				<font resource="fixed" />
			</object>
		</template>

		<template name="keyboardtemplate">
			<object type="keyboard">
				<placement x="0" y="600" />
				<layout resource1="keyboard1" resource2="keyboard2" resource3="keyboard3" resource4="keyboard4" />
				<highlight color="%highlight_color%" />
				<capshighlight color="%caps_highlight_color%" />
				<layout1>
					<keysize height="78" width="54" />
					<row1 key01="q" long01="1" key02="w" long02="2" key03="e" long03="3" key04="r" long04="4" key05="t" long05="5" key06="y" long06="6" key07="u" long07="7" key08="i" long08="8" key09="o" long09="9" key10="p" long10="0" />
					<row2 key01="81:a" key02="s" key03="d" key04="f" key05="g" key06="h" key07="j" key08="k" key09="81:l" />
					<row3 key01="81:layout2" key02="z" key03="x" key04="c" key05="v" key06="b" key07="n" key08="m" key09="81:c:8" />
					<row4 key01="81:layout3" key02="54:/" key03="270: " key04="54:." key05="81:a:action" />
				</layout1>
				<layout2>
					<keysize height="78" width="54" capslock="0" revert_layout="1" />
					<row1 key01="Q" long01="1" key02="W" long02="2" key03="E" long03="3" key04="R" long04="4" key05="T" long05="5" key06="Y" long06="6" key07="U" long07="7" key08="I" long08="8" key09="O" long09="9" key10="P" long10="0" />
					<row2 key01="81:A" key02="S" key03="D" key04="F" key05="G" key06="H" key07="J" key08="K" key09="81:L" />
					<row3 key01="81:layout1" key02="Z" key03="X" key04="C" key05="V" key06="B" key07="N" key08="M" key09="81:c:8" />
					<row4 key01="81:layout3" key02="54:/" key03="270: " key04="54:." key05="81:action" />
				</layout2>
				<layout3>
					<keysize height="78" width="54" />
					<row1 key01="1" key02="2" key03="3" key04="4" key05="5" key06="6" key07="7" key08="8" key09="9" key10="0" />
					<row2 key01="@" key02="#" key03="$" key04="%" key05="&" key06="*" key07="-" key08="+" key09="(" key10=")" />
					<row3 key01="81:layout4" key02="!" key03="54:c:34" key04="'" key05=":" key06=";" key07="/" key08="?" key09="81:c:8" />
					<row4 key01="81:layout1" key02="54:," key03="270: " key04="54:." key05="81:action" />
				</layout3>
				<layout4>
					<keysize height="78" width="54" />
					<row1 key01="~" key02="`" key03="|" key04="54:" key05="54:" key06="54:" key07="%" key08="54:" key09="{" key10="}" />
					<row2 key01="54:" key02="54:" key03="54:" key04="54:" key05="54:" key06="^" key07="_" key08="=" key09="[" key10="]" />
					<row3 key01="81:layout3" key02="54:" key03="54:" key04="54:" key05="54:" key06="\" key07="<" key08=">" key09="81:c:8" />
					<row4 key01="81:layout1" key02="54:c:34" key03="270: " key04="54:." key05="81:action" />
				</layout4>
			</object>
		</template>
	</templates>
</recovery>
